sha,authorM,comments,merged
6c451c94fe94c7ac32303c0a184a1e5daa0df6a1,neu,neu,True
699e1039de419fc5e081a2b8df161b44338d2d0c,neu,neu,False
238f55a9b4c4e383b1f6ede08adc953d4761e90e,neu,neu,False
451484db22d42cbd38332397a1c6c896c97a32c8,neu,neu,True
55e44292d95620fcd6df39d68de12108a88932a5,neu,neu,True
852ac529b55ac4dd418141fd5b97e445edb3e98f,neu,neu,False
1cee6f091ade8aab470e008afcf60fbb2afcef7b,neu,neu,True
2b01c711788d3c316322f148277633e7714b03e1,neu,neu,True
e6081fc0f841c7d1c5292ed5b81dda8bccd3a94f,neu,neu,False
602395c61eaa22704e79b9db8ecde44c0a84d116,neu,neu,True
cd300d376a91c664200565839c4076cf085b3157,neu,neu,True
662b63733c3e03bac94f5e8f9d8cd7ede7dd3f76,neu,neu,True
5e6d13f4830e10e851e70e2cc272514f7d056524,neu,neu,False
999ab7c41dc67df2e514590f0becd7cd6db6f194,neu,neu,False
cd91a00d420890c1204934f0c86d030edda59271,neu,neu,True
,pos,neu,False
c9e047259cdd600f6494a2b0094ff17cf4f3baff,neu,neu,True
deeb9e501a0a11ff67c80216dd35e9ca293ab51b,neu,neu,True
234dc4b1d280834c3f863ecd912a03f4afce3ff0,neu,neu,True
74a4647e218b03e65bcef2df29cba6da1964ffcd,pos,neu,True
1792fd2c43ec8d286db077c601835bd196fa2ef6,neu,neu,False
b75738868921a83eb544cf19cb60705a9cc25df9,neu,neu,True
869b51c1571baf6963587d5913ec0b81d4316f31,neu,neu,True
69fa6667d33122686a65f9585287d5f9eba8ed0f,neu,pos,True
413dd7042191ddfaa854f2d7b14bdca4d9669a3f,neu,neu,True
05d1fc647ce6cfc5613e7aef53c66bd1a4b50669,neu,neu,True
6b61b58d8d9454fbc993e73a7c39fc6835690d46,neu,neu,True
4b6c573547a86c625d6101f137982d41ec67c4f9,neu,neu,True
98cde83edab59e2bc9716652e88526ec3c007ca2,neu,neu,True
9b555689531ecc5b8c9446f76d441b6ee5f53d42,neu,neu,True
8f5d56aa766171d93530dd3ce5c1102ba27b3a99,neu,neu,True
5b6cfea99d4deccb98108dda9e0a7629c9f224fd,neu,neu,True
d234250439077c416b7f3c517dd3821317a6b51c,neu,neu,True
2339098950cb2d34b81d2736fff52ad26d148897,neu,neu,True
3230ebacb6c830ffbabde00e0d0e4546ea07c09f,neu,neu,True
697f54aad99898ebeadba4a48b1af6af955f8bbb,neu,neu,False
3bc782aadc6b7a184c9c82109bdaca49d49ccee2,neu,neu,True
5c502edf25147b45a2584a837aad9c82ebc4ab6e,neu,neu,False
3ce2cc54727ab98aebe725fb1ac8bdc860fd10df,neu,neu,True
a67c352d03f75230180d4e45e5254a587413c9e8,neu,neu,True
d51d09f5ac6de8795190f9b554970d1cde9fcab3,neu,neu,True
726c0429bdedfc6374a118e4d8523550e9c7c9e2,neu,neu,True
299b414947276312d4424e67c011d396cc13289a,neu,neu,True
30b2570dbed25a1061e90d671600905bbc1ea070,neu,neu,False
8e2c04985eb4a3e3d82629a8c89b78ed1482f73a,neu,neu,False
1da937d8b0e36b9f89ace55fed19f24316491631,neu,neu,True
384b9f4492e8280f491ef7880a38602c408e7256,neu,neu,True
27118aace7b745c470bf590bcc5d4df1f0bff9a1,neu,neu,True
ce9f03d83fe74a2d6b7babbf6802e6ffe3c0d1b8,neu,neu,True
4ac50d254216d1ddcd58dfba0aa133181adbc54e,neu,neu,True
cbb5d7ddc522d29c504a399a15c26bf875ba8a43,neu,neu,True
0bcb4cfda69463cc47d0b091de645593efd7c84d,neu,neu,True
9a51e1b09591d6e4e7089cb377a57f70114244db,neu,neu,True
84091a751e24937ad44a90d79ddce90b4d79c741,neu,neu,True
10fdd307a91a8287bb70b45d7921a457ea834ab3,neu,neu,True
93127905c15e65ac1742314f5d62062737afe201,neu,neu,True
e0a3d561db26e15fd037a50bcc3735d2013b3fc2,neu,neu,True
f703fe6b5fe091e8ccac287db15d5cbbab6e251b,neu,neu,True
9e888a3221275ee5621fb03a4ad7ac7a808eebd6,neu,neu,True
5bdd531d755d5ccfd88a04d88acc5ecca372c157,neu,neu,True
d908cbc77ee8444dec22fb2a88efa18e607d40d3,neu,neu,True
c663c724ee4a131ca304c12036a238b00fc89bfa,neu,neu,True
019d157795e4bb488e6838d5d4faa7a5f02b5487,neu,neu,True
8acd37ac908329f70c63817f77688913c3ed8ead,neu,neu,True
18afd5efbc74d7e53d4e90c544dcf9689b8bef6e,neu,neu,True
635fe8aa99d631de2ff5b6f3dc2e125264bcee28,neu,neu,True
7b1df89a11413edeee066f48cc7975ccb10d6126,neu,neu,True
6c6252e1deb8955924e430be8755d0299ea35161,neu,neu,True
b3ecfae8e19a5394fcd000fde634b72aa06389fa,neu,neu,True
845b10bfb817afdb2777bbc6165c417a2c47a5f5,neu,neu,True
d63fd0d8a50d52894d664196158048c35e490b52,neu,neu,True
27441866faf052f096c11214c49374992c54dc08,neu,neu,True
0732e84f0a5805fb0ecf3dab35eb0a9d0a769dae,neu,neu,True
d03e39fa088e6e7e36477e0ecbd15da203d2d83f,neu,neu,True
788b63d84195e874553d238d0966f63923673646,neu,neu,True
f09f814499f39a0451c0e2dd768f19f6c5c08ace,neu,neu,True
1205cd2d6d5a0cf8119f3ced48617e471bc6c4ed,neu,neu,True
e190fccb15b304a5a74f0b453fb9762272dace44,neu,neu,True
21c418448deaa5018f7df9efda836563a41b686b,neu,neu,True
09c35271b26f2ee25d6bab1ac9514005c94366fe,neu,neu,False
29d6cf31eb8022f86cb86af6f85ee1b7c486c11f,neu,neu,True
4c3ee02a0ce281d0b95e1863c4a9b042198bc2ed,neu,neu,True
d3cc72d795788d040ee9e4549084d184a3a7aa76,neu,neu,True
67253564f854d9ddb19d0358387addfa16dd8188,neu,neu,True
22ca1afb9f1b13e551c841635846702afba013d3,neu,neu,True
3f67551de9a39b741d9caa084368e82bfddadf8f,neu,neu,True
2d0f4bec7967aef8638d49e558252e439828081d,neu,neu,True
4bb648b0a7b031cd14344ec6700f177f8ccc71d7,neu,neu,True
3aeaa34768dc92592c0f6be8e80f89a4ea9c4823,neu,neu,True
19bc828864ebbedb15dffd13640e6200c2d15115,neu,neu,True
9a79f04d8243293e0c53a7f9a30cd2079bceb85f,neu,neu,True
1f06d1901d4212fc1062d162db0061b95761a48b,neu,neu,True
8bf581f793255914de7b9a3d596bd891cbb6f4ae,neu,neu,True
e77b631e11356238f4319aeb3749738d1c871d3a,neu,neu,True
5eaae30599b658c1128b22bd907608bfb9a37f55,neu,neu,True
61bda628b93b8d80a6f9a10b8d16a2aa43896c39,neu,neu,False
c6cf9351369b1f5da5ff5dee0603fbd755db5627,neu,neu,True
d1a8b3c057baa054195254add2330daa4d833f8f,neu,neu,True
b534b5b0e963e2934862a284c7d312b8c1fb8283,neu,neu,True
2393f982094cca57a959b07985d1e69e304d1ce8,neu,neu,True
d75584825f64e7f3a1a3ce871c97a6d30b285e35,neu,neu,False
146781d95f3f989d5ca9d272f2ce2537c69d4183,neu,neu,True
db52fabcfa493f6ed2d748f406762258d888f54b,neu,neu,True
4a0aeff62ae43a4e03c8f6c8ca17e34e69def751,neu,neu,True
44266d7129e95c3e8893165edabe1f71e8428d30,neu,neu,False
864187403ae375a7ed77bda298de8bfde0ed45df,neu,neu,True
e9601035013db9b67409e40b28dbc10486b89c2c,neu,neu,True
076e775451211b09acda5537dd2d2fc974bf7281,neu,neu,True
e7cb190cb28e40ccec46fedb4dd169d9c547b170,neu,neu,True
f14c59393bde0d2670b0e4bd77ff7cb6a5224cf3,neu,neu,False
b3acf4b93c467fdd64df6cf7ceef88d0864626c0,neu,neu,True
e2b44f5aca140427f03687c352381e80c1802ab5,neu,neu,True
ef8f87fe96f457a19f345858f060ece1f16dfd81,neu,neu,True
227a9f596b363e45ab1a8c966ead41b62626eeee,neu,neu,False
0301b5fae452a18a7efb40b9e06b52b92342971a,neu,neu,True
5ba46b9bcd3119a25f6cf126f0e013dc8aa4de95,neu,neu,True
473415e73e442e9b607d28bcc246d18023565f46,neu,neu,True
